Time,PM 1,PM 2.5,PM 10
1631076241.5233867,0,0,0
1631076243.581469,0,0,0
1631076245.6396449,0,0,0
1631076247.697817,0,0,0
1631076249.7559931,0,0,0
