Time,CPM
1635382437.0256953,63
1635382497.0859187,76
1635382557.1461277,65
1635382617.178829,70
1635382677.207395,65
